chr,pos,ref,alt,GENE_SYMBOL,MUTATION_AA,CDVAR_score,evidence
11,534282,A,C,HRAS,p.V14G,0.987729,
11,534274,T,C,HRAS,p.S17G,0.98751,
11,534270,G,A,HRAS,p.A18V,0.9875,
11,534273,C,T,HRAS,p.S17N,0.987389,
11,534271,C,T,HRAS,p.A18T,0.987281,
11,534273,C,G,HRAS,p.S17T,0.987212,
11,534276,T,G,HRAS,p.K16T,0.987054,
11,534279,C,T,HRAS,p.G15D,0.987025,
11,534286,C,G,HRAS,p.G13R,0.986981,https://civicdb.org/evidence/3853/summary
11,534286,C,A,HRAS,p.G13C,0.986811,
11,534285,C,T,HRAS,p.G13D,0.986801,https://civicdb.org/links/evidence_items/699
11,534313,A,G,HRAS,p.Y4H,0.986763,
11,534280,C,T,HRAS,p.G15S,0.986735,
11,534285,C,A,HRAS,p.G13V,0.986694,https://civicdb.org/molecular-profiles/1397/summary
11,534298,C,T,HRAS,p.V9M,0.986656,
11,534318,G,A,HRAS,p.T2M,0.986582,
11,534304,C,G,HRAS,p.V7L,0.986495,
11,534276,T,C,HRAS,p.K16R,0.986455,
11,534291,G,T,HRAS,p.A11D,0.986377,
11,534289,C,A,HRAS,p.G12C,0.986375,https://www.oncokb.org/gene/BRAF/V600
11,534264,G,A,HRAS,p.T20I,0.986314,
11,534294,C,T,HRAS,p.G10D,0.986312,
11,534288,C,G,HRAS,p.G12A,0.986268,https://www.ahajournals.org/doi/abs/10.1161/CIRCEP.123.012022
11,534294,C,G,HRAS,p.G10A,0.986198,
11,534289,C,T,HRAS,p.G12S,0.98614,https://pubmed.ncbi.nlm.nih.gov/32636318/
11,534259,G,T,HRAS,p.Q22K,0.986128,
11,534286,C,T,HRAS,p.G13S,0.986093,
11,534289,C,G,HRAS,p.G12R,0.986088,
11,534318,G,T,HRAS,p.T2K,0.985998,
11,534292,C,A,HRAS,p.A11S,0.985959,
11,534247,T,C,HRAS,p.N26D,0.985839,
11,534248,C,A,HRAS,p.Q25H,0.985832,
11,534288,C,A,HRAS,p.G12V,0.985825,https://pubmed.ncbi.nlm.nih.gov/24240680/
11,534316,C,T,HRAS,p.E3K,0.985657,
11,534288,C,T,HRAS,p.G12D,0.985587,https://civicdb.org/evidence/3698
11,534226,C,T,HRAS,p.D33N,0.98539,
11,534223,G,A,HRAS,p.P34S,0.985187,
11,534228,T,C,HRAS,p.Y32C,0.985067,
11,534232,C,T,HRAS,p.E31K,0.984898,
11,534226,C,A,HRAS,p.D33Y,0.984728,
11,533873,C,G,HRAS,p.Q61H,0.984248,
11,533874,T,A,HRAS,p.Q61L,0.984176,https://www.oncotarget.com/article/7372/text/
11,534217,T,C,HRAS,p.I36V,0.984136,
11,533873,C,A,HRAS,p.Q61H,0.98401,
11,533874,T,C,HRAS,p.Q61R,0.983968,https://pubmed.ncbi.nlm.nih.gov/32636318/
11,533875,G,C,HRAS,p.Q61E,0.983808,
11,533866,A,G,HRAS,p.Y64H,0.983766,
11,533871,T,C,HRAS,p.E62G,0.983576,
11,533877,C,T,HRAS,p.G60D,0.983563,
11,533875,G,T,HRAS,p.Q61K,0.983505,https://pubmed.ncbi.nlm.nih.gov/28783719/
11,533934,C,T,HRAS,p.R41Q,0.983284,
11,533874,T,G,HRAS,p.Q61P,0.983053,
11,533881,C,T,HRAS,p.A59T,0.982793,https://link.springer.com/article/10.1007/s11523-020-00695-0
11,533845,A,G,HRAS,p.Y71H,0.982628,
11,533878,C,T,HRAS,p.G60S,0.982348,
11,533808,G,T,HRAS,p.A83D,0.982316,
11,533926,C,T,HRAS,p.V44M,0.982207,
11,533838,C,T,HRAS,p.R73H,0.982101,
11,533880,G,T,HRAS,p.A59D,0.98209,
11,533883,G,A,HRAS,p.T58I,0.982025,
11,533851,C,T,HRAS,p.D69N,0.981924,
11,533836,T,G,HRAS,p.T74P,0.981821,
11,533884,T,C,HRAS,p.T58A,0.981818,
11,533839,G,A,HRAS,p.R73C,0.981782,
11,533836,T,C,HRAS,p.T74A,0.98175,
11,533851,C,A,HRAS,p.D69Y,0.981571,
11,533854,G,A,HRAS,p.R68W,0.981543,
11,533859,G,T,HRAS,p.A66D,0.98127,
11,533840,C,T,HRAS,p.M72I,0.981214,
11,533853,C,T,HRAS,p.R68Q,0.981059,
11,533907,G,A,HRAS,p.T50M,0.980938,
11,533860,C,T,HRAS,p.A66T,0.980838,
11,533853,C,A,HRAS,p.R68L,0.980592,
11,533907,G,T,HRAS,p.T50K,0.980581,
11,533887,C,T,HRAS,p.D57N,0.980554,
11,533815,C,T,HRAS,p.V81M,0.980542,
11,533851,C,G,HRAS,p.D69H,0.980474,
11,533790,G,C,HRAS,p.S89C,0.980324,
11,533791,A,T,HRAS,p.S89T,0.980114,
11,533785,C,T,HRAS,p.E91K,0.979839,
11,533899,A,T,HRAS,p.L53M,0.979737,
11,533782,C,T,HRAS,p.D92N,0.979632,
11,533914,C,T,HRAS,p.G48R,0.979533,
11,533799,T,C,HRAS,p.N86S,0.979464,
11,533827,C,T,HRAS,p.G77S,0.97943,
7,140453122,T,C,BRAF,p.S605G,0.979408,
11,533832,C,T,HRAS,p.G75E,0.979097,
7,140453120,A,T,BRAF,p.S605R,0.979078,
7,140453121,C,T,BRAF,p.S605N,0.979048,
11,533794,T,C,HRAS,p.K88E,0.978917,
7,140453123,C,A,BRAF,p.W604C,0.97891,
11,533911,C,T,HRAS,p.E49K,0.978837,
7,140453134,T,C,BRAF,p.K601E,0.978757,http://www.ncbi.nlm.nih.gov/pubmed/29903896
3,178952082,C,T,PIK3CA,p.A1046V,0.978756,
11,533787,A,C,HRAS,p.F90C,0.978748,
7,140453119,C,A,BRAF,p.G606W,0.978698,
11,533785,C,G,HRAS,p.E91Q,0.978656,
7,140453130,G,T,BRAF,p.S602Y,0.978523,
3,178952082,C,A,PIK3CA,p.A1046E,0.978517,
7,140453116,A,G,BRAF,p.S607P,0.978371,
11,533908,T,C,HRAS,p.T50A,0.978337,
7,140453119,C,T,BRAF,p.G606R,0.978329,
11,533817,C,T,HRAS,p.C80Y,0.978314,
7,140453139,G,A,BRAF,p.T599I,0.978148,
7,140453139,G,C,BRAF,p.T599R,0.978096,
12,25380336,C,T,KRAS,p.R41K,0.978043,
7,140453118,C,T,BRAF,p.G606E,0.978036,http://www.ncbi.nlm.nih.gov/pubmed/29320312
7,140453118,C,A,BRAF,p.G606V,0.977969,
7,140453110,G,C,BRAF,p.Q609E,0.977963,
7,140453132,T,A,BRAF,p.K601N,0.977953,http://www.ncbi.nlm.nih.gov/pubmed/22798288
7,140453118,C,G,BRAF,p.G606A,0.977953,
7,140453132,T,G,BRAF,p.K601N,0.977939,http://www.ncbi.nlm.nih.gov/pubmed/22798288
7,140453127,C,T,BRAF,p.R603Q,0.977925,
7,140453125,A,C,BRAF,p.W604G,0.977835,
3,178952091,G,A,PIK3CA,p.G1049D,0.977801,
3,178952086,T,A,PIK3CA,p.H1047Q,0.977797,
3,178952081,G,A,PIK3CA,p.A1046T,0.97778,
3,178952074,G,C,PIK3CA,p.M1043I,0.977764,https://www.oncokb.org/gene/PIK3CA/M1043I
7,140453113,G,A,BRAF,p.H608Y,0.977736,
3,178952090,G,T,PIK3CA,p.G1049C,0.977713,
3,178952074,G,T,PIK3CA,p.M1043I,0.977701,https://www.oncokb.org/gene/PIK3CA/M1043I
3,178952072,A,G,PIK3CA,p.M1043V,0.977694,https://www.oncokb.org/gene/PIK3CA/M1043V
3,178952086,T,G,PIK3CA,p.H1047Q,0.977692,
3,178952090,G,C,PIK3CA,p.G1049R,0.977665,https://civicdb.org/links/evidence_items/3847
3,178952072,A,T,PIK3CA,p.M1043L,0.977662,
3,178952090,G,A,PIK3CA,p.G1049S,0.977652,https://civicdb.org/evidence/2382
7,140453125,A,T,BRAF,p.W604R,0.97762,
7,55259514,C,A,EGFR,p.L858M,0.977602,
7,140453136,A,C,BRAF,p.V600G,0.977568,https://civicdb.org/links/evidence_items/1574
7,140453133,T,G,BRAF,p.K601T,0.977566,http://www.ncbi.nlm.nih.gov/pubmed/26343582
7,140453108,C,A,BRAF,p.Q609H,0.977558,
3,178952075,A,C,PIK3CA,p.N1044H,0.977551,
3,178952094,G,A,PIK3CA,p.G1050D,0.977546,
7,140453115,G,A,BRAF,p.S607F,0.977541,
3,178952091,G,C,PIK3CA,p.G1049A,0.977537,https://civicdb.org/evidence/4466
7,55259512,G,T,EGFR,p.G857V,0.977535,
3,178952073,T,C,PIK3CA,p.M1043T,0.977416,
3,178952074,G,A,PIK3CA,p.M1043I,0.97739,https://www.oncokb.org/gene/PIK3CA/M1043I
3,178952075,A,T,PIK3CA,p.N1044Y,0.977383,
7,140453109,T,C,BRAF,p.Q609R,0.977381,
7,55259512,G,A,EGFR,p.G857E,0.97738,
7,140453142,G,A,BRAF,p.A598V,0.977376,https://civicdb.org/evidence/7635
3,178952076,A,T,PIK3CA,p.N1044I,0.977371,
7,140453136,A,G,BRAF,p.V600A,0.977316,https://www.oncokb.org/gene/BRAF/V600
3,178952084,C,A,PIK3CA,p.H1047N,0.977312,
3,178952075,A,G,PIK3CA,p.N1044D,0.977288,
11,533896,C,T,HRAS,p.D54N,0.977274,
7,140453112,T,C,BRAF,p.H608R,0.977251,
3,178952087,C,G,PIK3CA,p.H1048D,0.97722,
7,140453133,T,A,BRAF,p.K601I,0.977215,
7,140453136,A,T,BRAF,p.V600E,0.977166,https://www.oncokb.org/gene/BRAF/V600E
3,178952099,A,G,PIK3CA,p.T1052A,0.977119,
3,178952076,A,G,PIK3CA,p.N1044S,0.9771,
7,140453146,G,C,BRAF,p.L597V,0.977071,https://civicdb.org/links/evidence_items/1463
3,178952076,A,C,PIK3CA,p.N1044T,0.977071,
3,178952093,G,A,PIK3CA,p.G1050S,0.976987,
7,140453137,C,T,BRAF,p.V600M,0.976868,https://civicdb.org/links/evidence_items/73
3,178952084,C,T,PIK3CA,p.H1047Y,0.976839,https://www.oncokb.org/gene/PIK3CA/H1047Y
7,140453137,C,G,BRAF,p.V600L,0.976807,https://www.oncokb.org/gene/BRAF/V600
7,140453137,C,A,BRAF,p.V600L,0.976771,https://www.oncokb.org/gene/BRAF/V600
3,178952088,A,T,PIK3CA,p.H1048L,0.976754,
7,140453124,C,A,BRAF,p.W604L,0.976742,
12,25380342,G,T,KRAS,p.S39Y,0.976712,
3,178952087,C,A,PIK3CA,p.H1048N,0.976598,
12,25380268,A,C,KRAS,p.Y64D,0.976583,
7,55259510,T,G,EGFR,p.F856L,0.976575,
3,178952085,A,C,PIK3CA,p.H1047P,0.976502,
3,178952078,G,T,PIK3CA,p.D1045Y,0.976497,
3,178952077,T,G,PIK3CA,p.N1044K,0.976431,https://aacrjournals.org/clincancerres/article/26/14/3662/9625/Medium-throughput-Drug-Screening-of-Patient
3,178952088,A,G,PIK3CA,p.H1048R,0.976409,
3,178952087,C,T,PIK3CA,p.H1048Y,0.976337,
11,533779,T,C,HRAS,p.I93V,0.976304,
7,140453145,A,C,BRAF,p.L597R,0.976297,https://civicdb.org/links/evidence_items/728
3,178952077,T,A,PIK3CA,p.N1044K,0.976287,https://aacrjournals.org/clincancerres/article/26/14/3662/9625/Medium-throughput-Drug-Screening-of-Patient
12,25380268,A,G,KRAS,p.Y64H,0.976229,
7,55259515,T,A,EGFR,p.L858Q,0.976213,
7,55259511,G,A,EGFR,p.G857R,0.976192,
3,178927983,C,A,PIK3CA,p.P421T,0.976181,
12,25380275,T,A,KRAS,p.Q61H,0.976155,https://civicdb.org/links/evidence_items/3861
12,25380275,T,G,KRAS,p.Q61H,0.976114,https://civicdb.org/links/evidence_items/3861
3,178927987,T,G,PIK3CA,p.L422W,0.976104,
7,55259515,T,G,EGFR,p.L858R,0.976095,https://www.oncokb.org/gene/EGFR/L858R
7,140453145,A,G,BRAF,p.L597P,0.976083,https://civicdb.org/evidence/7632
7,140453150,A,C,BRAF,p.F595L,0.975965,http://www.ncbi.nlm.nih.gov/pubmed/26582644
3,178952078,G,A,PIK3CA,p.D1045N,0.97596,
12,25380327,A,T,KRAS,p.V44E,0.975958,
7,140453143,C,T,BRAF,p.A598T,0.975957,
12,25380268,A,T,KRAS,p.Y64N,0.975922,
3,178952102,A,G,PIK3CA,p.T1053A,0.975847,
7,55259518,C,A,EGFR,p.A859D,0.975843,
12,25380277,G,C,KRAS,p.Q61E,0.975831,https://civicdb.org/evidence/2807
3,178952079,A,T,PIK3CA,p.D1045V,0.975799,
7,140453145,A,T,BRAF,p.L597Q,0.975754,https://civicdb.org/links/evidence_items/1461
7,140453150,A,T,BRAF,p.F595L,0.975744,http://www.ncbi.nlm.nih.gov/pubmed/26582644
3,178952100,C,A,PIK3CA,p.T1052K,0.97574,
3,178927983,C,T,PIK3CA,p.P421S,0.975694,
3,178952085,A,T,PIK3CA,p.H1047L,0.97569,https://www.oncokb.org/gene/PIK3CA/H1047L
17,7578286,A,T,TP53,p.L188Q,0.975617,
7,55259518,C,T,EGFR,p.A859V,0.975598,
7,140453152,A,G,BRAF,p.F595L,0.975588,http://www.ncbi.nlm.nih.gov/pubmed/26582644
3,178952079,A,C,PIK3CA,p.D1045A,0.975585,
3,178927980,T,C,PIK3CA,p.C420R,0.975557,https://www.oncokb.org/gene/PIK3CA/C420R
7,55259509,T,C,EGFR,p.F856S,0.975479,
3,178927984,C,T,PIK3CA,p.P421L,0.975478,
2,209113176,C,T,IDH1,p.A111T,0.975476,
2,209113172,A,G,IDH1,p.I112T,0.975446,
7,55259502,A,C,EGFR,p.T854P,0.975408,
7,55259500,T,C,EGFR,p.I853T,0.975393,
7,140453152,A,T,BRAF,p.F595I,0.975392,
12,25398266,G,C,KRAS,p.A18G,0.975359,
2,209113175,G,T,IDH1,p.A111D,0.975312,
3,178928038,G,T,PIK3CA,p.G439V,0.975294,
7,140453101,G,C,BRAF,p.Q612E,0.975286,
17,7578284,C,G,TP53,p.A189P,0.975278,
12,25380273,T,C,KRAS,p.E62G,0.975274,
7,55259517,G,A,EGFR,p.A859T,0.975231,
12,25380277,G,T,KRAS,p.Q61K,0.975217,https://civicdb.org/links/evidence_items/3872
7,140453107,A,T,BRAF,p.F610I,0.975217,
12,25380272,C,A,KRAS,p.E62D,0.975191,
17,7578284,C,T,TP53,p.A189T,0.975161,
7,55259498,G,T,EGFR,p.K852N,0.975129,
12,25380276,T,A,KRAS,p.Q61L,0.975121,https://civicdb.org/links/evidence_items/3867
12,25380264,C,A,KRAS,p.S65I,0.975116,
3,178927992,T,C,PIK3CA,p.W424R,0.975107,
12,25380328,C,T,KRAS,p.V44I,0.975085,
12,25398266,G,T,KRAS,p.A18D,0.975074,
7,55259503,C,T,EGFR,p.T854I,0.975068,
12,25380274,C,T,KRAS,p.E62K,0.975057,
12,25380276,T,G,KRAS,p.Q61P,0.975033,https://civicdb.org/evidence/2805
7,55259502,A,T,EGFR,p.T854S,0.975031,
7,140453096,C,A,BRAF,p.L613F,0.975017,
3,178952100,C,T,PIK3CA,p.T1052I,0.975006,
7,140453154,T,C,BRAF,p.D594G,0.975002,https://civicdb.org/links/evidence_items/1551
7,55259502,A,G,EGFR,p.T854A,0.975,
7,55259530,G,A,EGFR,p.G863D,0.974991,
7,140453148,C,A,BRAF,p.G596V,0.974945,
7,55259506,A,G,EGFR,p.D855G,0.974937,
12,25398266,G,A,KRAS,p.A18V,0.974918,
7,55259497,A,C,EGFR,p.K852T,0.974913,
3,178928050,T,C,PIK3CA,p.L443S,0.974879,
7,140453151,A,G,BRAF,p.F595S,0.974861,
12,25380276,T,C,KRAS,p.Q61R,0.974845,https://civicdb.org/links/evidence_items/3870
7,55259530,G,T,EGFR,p.G863V,0.974837,
7,55259497,A,G,EGFR,p.K852R,0.974803,
3,178952068,A,T,PIK3CA,p.K1041N,0.974784,
7,140453154,T,A,BRAF,p.D594V,0.974774,
7,55259505,G,A,EGFR,p.D855N,0.974742,
7,55259527,T,C,EGFR,p.L862P,0.97474,
12,25380271,C,T,KRAS,p.E63K,0.974695,
7,55259475,G,A,EGFR,p.V845M,0.974691,
3,178952089,T,G,PIK3CA,p.H1048Q,0.974662,
7,55259533,C,A,EGFR,p.A864E,0.974659,
3,178927979,C,G,PIK3CA,p.H419Q,0.974622,
7,140453154,T,G,BRAF,p.D594A,0.974547,
7,55259527,T,G,EGFR,p.L862R,0.974511,
12,25380264,C,T,KRAS,p.S65N,0.974472,
12,25398262,C,A,KRAS,p.L19F,0.974471,
7,55259533,C,T,EGFR,p.A864V,0.974382,
17,7578275,G,T,TP53,p.Q192K,0.974379,
7,140453106,A,G,BRAF,p.F610S,0.974378,
7,140453148,C,T,BRAF,p.G596D,0.974365,
7,55259524,T,G,EGFR,p.L861R,0.974358,https://civicdb.org/links/evidence_items/4669
7,55259476,T,C,EGFR,p.V845A,0.974325,
3,178927993,G,T,PIK3CA,p.W424L,0.974319,
7,140453100,T,C,BRAF,p.Q612R,0.974317,
12,25398267,C,T,KRAS,p.A18T,0.974304,
7,55259523,C,G,EGFR,p.L861V,0.974297,
12,25380274,C,G,KRAS,p.E62Q,0.97426,
7,55259476,T,A,EGFR,p.V845E,0.974259,
17,7578273,C,A,TP53,p.Q192H,0.974245,
17,7578273,C,G,TP53,p.Q192H,0.974207,
7,55259457,G,A,EGFR,p.A839T,0.974178,
12,25398262,C,G,KRAS,p.L19F,0.974174,
12,25398270,T,C,KRAS,p.S17G,0.974167,https://www.pnas.org/doi/epub/10.1073/pnas.2120512119
12,25398306,T,C,KRAS,p.K5E,0.974143,
7,55259524,T,A,EGFR,p.L861Q,0.974049,https://www.oncokb.org/gene/EGFR/L861Q
12,25398314,G,A,KRAS,p.T2I,0.974043,
17,7578277,G,A,TP53,p.P191L,0.974015,
7,55259482,C,A,EGFR,p.T847K,0.974,
17,7578274,T,A,TP53,p.Q192L,0.973984,
12,25380280,C,G,KRAS,p.G60R,0.973976,
12,25398269,C,T,KRAS,p.S17N,0.973967,https://www.pnas.org/doi/epub/10.1073/pnas.2120512119
7,55259493,G,A,EGFR,p.V851I,0.973944,https://civicdb.org/evidence/4264
7,55259521,A,T,EGFR,p.K860I,0.973927,
3,178928047,C,T,PIK3CA,p.A442V,0.973904,
12,25380315,C,G,KRAS,p.G48A,0.973892,
7,55259479,A,G,EGFR,p.K846R,0.973888,
3,178952065,G,A,PIK3CA,p.M1040I,0.97388,
7,140453149,C,A,BRAF,p.G596C,0.973861,https://civicdb.org/links/evidence_items/1738
7,140453102,T,G,BRAF,p.E611D,0.973854,
7,55259527,T,A,EGFR,p.L862Q,0.973823,
7,55259485,C,T,EGFR,p.P848L,0.973793,
17,7578284,C,A,TP53,p.A189S,0.973786,
7,55259529,G,A,EGFR,p.G863S,0.97378,
3,178928035,C,T,PIK3CA,p.S438F,0.973778,
3,178928009,G,T,PIK3CA,p.L429F,0.973775,
12,25398312,C,T,KRAS,p.E3K,0.973771,
7,55259482,C,T,EGFR,p.T847I,0.973749,https://civicdb.org/evidence/4260
12,25380279,C,A,KRAS,p.G60V,0.973722,
7,140453153,A,T,BRAF,p.D594E,0.97364,
7,140453153,A,C,BRAF,p.D594E,0.973625,
7,140453104,C,T,BRAF,p.E611K,0.973623,
7,55259458,C,T,EGFR,p.A839V,0.973592,
12,25398269,C,G,KRAS,p.S17T,0.973558,https://www.pnas.org/doi/epub/10.1073/pnas.2120512119
2,209113181,C,T,IDH1,p.R109K,0.973539,
7,55259481,A,T,EGFR,p.T847S,0.97353,
17,7578277,G,T,TP53,p.P191H,0.973496,
7,55259494,T,C,EGFR,p.V851A,0.973489,
12,25380279,C,G,KRAS,p.G60A,0.973478,
7,140453155,C,G,BRAF,p.D594H,0.973464,
12,25380249,T,G,KRAS,p.Q70P,0.973449,
12,25380280,C,T,KRAS,p.G60S,0.973427,
7,55259488,A,G,EGFR,p.Q849R,0.973397,
12,25380262,C,A,KRAS,p.A66S,0.973387,
7,55259490,C,G,EGFR,p.H850D,0.973381,
17,7578274,T,C,TP53,p.Q192R,0.973339,
7,55259472,C,G,EGFR,p.L844V,0.973305,
7,55259532,G,A,EGFR,p.A864T,0.973298,https://civicdb.org/links/evidence_items/4495
7,140453155,C,A,BRAF,p.D594Y,0.973278,
7,55259490,C,T,EGFR,p.H850Y,0.973256,
7,140453149,C,G,BRAF,p.G596R,0.973252,http://www.ncbi.nlm.nih.gov/pubmed/30104724
12,25398311,T,C,KRAS,p.E3G,0.973244,
7,140453155,C,T,BRAF,p.D594N,0.973238,http://www.ncbi.nlm.nih.gov/pubmed/30104724
7,140453149,C,T,BRAF,p.G596S,0.973194,
12,25398254,T,A,KRAS,p.Q22L,0.973128,
7,55259473,T,C,EGFR,p.L844P,0.973103,
2,209113190,G,A,IDH1,p.T106M,0.973083,
12,25380256,T,A,KRAS,p.R68W,0.973076,
7,55259490,C,A,EGFR,p.H850N,0.973063,
12,25380257,C,T,KRAS,p.M67I,0.973057,https://www.pnas.org/doi/epub/10.1073/pnas.2120512119
12,25380279,C,T,KRAS,p.G60D,0.973038,
3,178928055,C,T,PIK3CA,p.L445F,0.973029,
2,209113164,T,C,IDH1,p.K115E,0.973016,
12,25380255,C,A,KRAS,p.R68M,0.972983,
12,25398255,G,T,KRAS,p.Q22K,0.97298,
12,25398252,G,T,KRAS,p.L23I,0.972931,
7,140453158,C,T,BRAF,p.G593S,0.972927,
12,25380254,C,G,KRAS,p.R68S,0.972915,https://www.pnas.org/doi/epub/10.1073/pnas.2120512119
7,140453159,T,C,BRAF,p.I592M,0.972896,
12,25398253,C,A,KRAS,p.Q22H,0.972886,
12,25380255,C,T,KRAS,p.R68K,0.972882,
12,25380259,T,G,KRAS,p.M67L,0.972807,https://www.pnas.org/doi/epub/10.1073/pnas.2120512119
7,55259491,A,G,EGFR,p.H850R,0.972787,
7,55259460,G,A,EGFR,p.A840T,0.972776,
12,25380252,T,C,KRAS,p.D69G,0.972751,
12,25380254,C,A,KRAS,p.R68S,0.972724,https://www.pnas.org/doi/epub/10.1073/pnas.2120512119
7,55259443,T,C,EGFR,p.V834A,0.972717,
3,178952085,A,G,PIK3CA,p.H1047R,0.972709,https://www.oncokb.org/gene/PIK3CA/H1047R
17,7578277,G,C,TP53,p.P191R,0.972691,
3,178928059,G,T,PIK3CA,p.W446L,0.972684,
12,25398254,T,C,KRAS,p.Q22R,0.972671,
12,25398251,A,C,KRAS,p.L23R,0.97266,
12,25380289,C,A,KRAS,p.D57Y,0.972596,
2,209113133,A,C,IDH1,p.V125G,0.972575,
3,178921553,T,A,PIK3CA,p.N345K,0.965378,https://www.oncokb.org/gene/PIK3CA/N345K
12,25380285,G,C,KRAS,p.T58R,0.972446,
7,55259439,T,G,EGFR,p.L833V,0.972391,
7,55259446,A,T,EGFR,p.H835L,0.972372,
7,55259466,A,G,EGFR,p.N842D,0.972345,
12,25380313,C,T,KRAS,p.E49K,0.972341,
12,25398305,T,C,KRAS,p.K5R,0.97228,
2,209113127,G,A,IDH1,p.P127L,0.972273,
7,55259439,T,A,EGFR,p.L833M,0.972258,
12,25380310,T,C,KRAS,p.T50A,0.972252,
3,178928016,T,A,PIK3CA,p.Y432N,0.972243,
12,25398304,T,A,KRAS,p.K5N,0.972242,
12,25398278,A,C,KRAS,p.V14G,0.972225,https://www.pnas.org/doi/epub/10.1073/pnas.2120512119
7,55259466,A,C,EGFR,p.N842H,0.972131,
12,25398302,A,T,KRAS,p.L6H,0.972129,
12,25398299,A,C,KRAS,p.V7G,0.972117,
7,55259447,C,A,EGFR,p.H835Q,0.97209,
7,55259442,G,T,EGFR,p.V834L,0.972081,
12,25380285,G,A,KRAS,p.T58I,0.972021,
7,55259464,G,A,EGFR,p.R841K,0.972019,
12,25398304,T,G,KRAS,p.K5N,0.971983,
12,25398272,T,C,KRAS,p.K16R,0.97197,
2,209113160,T,C,IDH1,p.N116S,0.971967,
7,55259442,G,A,EGFR,p.V834M,0.971962,
7,55259441,G,T,EGFR,p.L833F,0.971934,
17,7578272,G,A,TP53,p.H193Y,0.971934,
2,209113125,T,C,IDH1,p.I128V,0.971928,
12,25380310,T,G,KRAS,p.T50P,0.971917,
12,25380238,T,C,KRAS,p.T74A,0.971906,
12,25398278,A,G,KRAS,p.V14A,0.971874,
12,25398296,A,T,KRAS,p.V8E,0.971862,
2,209113112,C,A,IDH1,p.R132L,0.971818,https://www.oncokb.org/gene/IDH1/R132L
12,25380246,T,C,KRAS,p.Y71C,0.971814,
12,25398282,C,A,KRAS,p.G13C,0.971762,https://www.clinicaltrials.gov/study/NCT02649972
12,25398276,C,A,KRAS,p.G15C,0.971742,
12,25398287,G,C,KRAS,p.A11G,0.971721,
2,209113112,C,T,IDH1,p.R132H,0.971692,https://www.oncokb.org/gene/IDH1/R132H
12,25398243,T,A,KRAS,p.N26Y,0.971679,
12,25380309,G,A,KRAS,p.T50I,0.971648,
12,25398282,C,G,KRAS,p.G13R,0.971629,https://civicdb.org/evidence/3906/summary
2,209113113,G,A,IDH1,p.R132C,0.971623,https://www.oncokb.org/gene/IDH1/R132C
12,25380244,T,C,KRAS,p.M72V,0.971599,
7,140453161,T,C,BRAF,p.I592V,0.971592,
2,209113193,C,A,IDH1,p.G105V,0.971526,
12,25398276,C,T,KRAS,p.G15S,0.971523,
7,55259455,T,C,EGFR,p.L838P,0.971522,https://civicdb.org/links/evidence_items/4252
12,25398299,A,G,KRAS,p.V7A,0.971504,
12,25398294,C,T,KRAS,p.V9I,0.971462,
12,25380282,G,T,KRAS,p.A59E,0.971451,
12,25398285,C,A,KRAS,p.G12C,0.971443,https://www.oncokb.org/gene/KRAS/G12C
12,25398300,C,T,KRAS,p.V7M,0.971441,
17,7578271,T,A,TP53,p.H193L,0.971422,
12,25398282,C,T,KRAS,p.G13S,0.971379,https://civicdb.org/evidence/3909/summary
7,140453157,C,T,BRAF,p.G593D,0.971334,https://civicdb.org/evidence/7624
7,55259449,G,A,EGFR,p.R836H,0.971327,
7,55259440,T,G,EGFR,p.L833W,0.971303,
17,7578272,G,C,TP53,p.H193D,0.971298,
12,25380289,C,T,KRAS,p.D57N,0.971291,
7,55259451,G,A,EGFR,p.D837N,0.971283,
12,25398287,G,A,KRAS,p.A11V,0.971213,
7,140453094,G,T,BRAF,p.S614Y,0.971205,
12,25398293,A,T,KRAS,p.V9D,0.971199,
12,25398285,C,G,KRAS,p.G12R,0.971195,https://civicdb.org/links/evidence_items/1298
12,25380242,C,T,KRAS,p.M72I,0.971189,
14,105246539,T,C,AKT1,p.T21A,0.971178,
12,25398285,C,T,KRAS,p.G12S,0.971177,https://civicdb.org/links/evidence_items/6314
2,209113113,G,C,IDH1,p.R132G,0.971169,https://www.oncokb.org/gene/IDH1/R132G
12,25398275,C,T,KRAS,p.G15D,0.971162,https://www.pnas.org/doi/epub/10.1073/pnas.2120512119
12,25398260,G,A,KRAS,p.T20M,0.971147,
12,25380240,C,A,KRAS,p.R73M,0.971133,
12,25398288,C,G,KRAS,p.A11P,0.971107,
12,25380282,G,A,KRAS,p.A59V,0.971067,
12,25380282,G,C,KRAS,p.A59G,0.971054,
7,55259535,G,A,EGFR,p.E865K,0.971024,
2,209113140,C,T,IDH1,p.G123R,0.970991,
7,140453190,A,T,BRAF,p.I582K,0.970989,
7,55259454,C,G,EGFR,p.L838V,0.970989,https://civicdb.org/links/evidence_items/4280
3,178928067,C,A,PIK3CA,p.P449T,0.970973,
2,209113117,T,C,IDH1,p.I130M,0.970966,
12,25398239,T,A,KRAS,p.H27L,0.970951,
7,140453173,G,A,BRAF,p.L588F,0.970949,
12,25398279,C,T,KRAS,p.V14I,0.970945,
12,25398279,C,A,KRAS,p.V14L,0.970937,https://www.pnas.org/doi/epub/10.1073/pnas.2120512119
2,209113193,C,T,IDH1,p.G105D,0.970915,
12,25398242,T,A,KRAS,p.N26I,0.970892,
12,25398297,C,T,KRAS,p.V8I,0.970839,
12,25398240,G,A,KRAS,p.H27Y,0.970835,
12,25398257,A,T,KRAS,p.I21K,0.970824,
7,55259469,G,C,EGFR,p.V843L,0.970809,
12,25398288,C,T,KRAS,p.A11T,0.970806,
12,25380283,C,T,KRAS,p.A59T,0.970765,http://www.ncbi.nlm.nih.gov/pubmed/28404754
2,209113119,T,C,IDH1,p.I130V,0.970751,
12,25398281,C,A,KRAS,p.G13V,0.970734,https://civicdb.org/evidence/3909/summary
7,140453164,T,C,BRAF,p.K591E,0.970733,
7,55259452,A,G,EGFR,p.D837G,0.970705,
12,25380238,T,G,KRAS,p.T74P,0.970681,
12,25380231,T,C,KRAS,p.E76G,0.970674,
12,25398281,C,T,KRAS,p.G13D,0.970662,https://civicdb.org/links/evidence_items/3881
7,55259448,C,T,EGFR,p.R836C,0.970657,
3,178928068,C,G,PIK3CA,p.P449R,0.970605,
2,209113139,C,T,IDH1,p.G123E,0.970587,
7,55259469,G,A,EGFR,p.V843I,0.970553,https://pubmed.ncbi.nlm.nih.gov/21274259/
2,209113113,G,T,IDH1,p.R132S,0.970547,https://www.oncokb.org/gene/IDH1/R132S
7,140453189,T,C,BRAF,p.I582M,0.970542,
17,7578280,G,A,TP53,p.P190L,0.970538,
12,25398284,C,A,KRAS,p.G12V,0.970535,https://civicdb.org/links/evidence_items/987
12,25398260,G,C,KRAS,p.T20R,0.970518,
14,105246538,G,A,AKT1,p.T21I,0.970499,
7,140453167,C,T,BRAF,p.V590I,0.970485,
14,105246551,C,T,AKT1,p.E17K,0.966833,https://www.oncokb.org/gene/AKT1/E17K
12,25380283,C,A,KRAS,p.A59S,0.970471,
7,55259448,C,G,EGFR,p.R836G,0.970444,
17,7578272,G,T,TP53,p.H193N,0.970428,
4,1803568,C,G,FGFR3,p.S249C,0.965454,https://www.oncokb.org/gene/FGFR3/S249C
2,209113148,A,T,IDH1,p.L120H,0.970415,
2,209113115,C,T,IDH1,p.G131D,0.970399,
12,25380239,C,G,KRAS,p.R73S,0.970355,
7,55259454,C,A,EGFR,p.L838M,0.970317,
12,25398284,C,T,KRAS,p.G12D,0.970298,https://www.annalsofoncology.org/article/S0923-7534%2823%2902675-3/fulltext
2,209113106,G,T,IDH1,p.A134D,0.970288,
12,25398281,C,G,KRAS,p.G13A,0.970271,
2,209113106,G,A,IDH1,p.A134V,0.970262,
14,105246536,A,T,AKT1,p.W22R,0.970259,
12,25398261,T,A,KRAS,p.T20S,0.970218,
17,7578271,T,C,TP53,p.H193R,0.970217,
x,55259437,G,T,EGFR,p.R832L,0.969876,https://civicdb.org/evidence/7367
7,55259448,C,A,EGFR,p.R836S,0.970157,
14,105246458,G,A,AKT1,p.R48C,0.970149,
7,55259469,G,T,EGFR,p.V843L,0.970145,
12,25398290,C,T,KRAS,p.G10E,0.970138,
12,25398257,A,C,KRAS,p.I21R,0.970137,
12,25398248,A,T,KRAS,p.I24N,0.970124,
12,25398242,T,C,KRAS,p.N26S,0.970119,
7,140453172,A,G,BRAF,p.L588P,0.970091,
7,55259434,G,A,EGFR,p.R831H,0.970083,https://civicdb.org/links/evidence_items/4279
12,25398290,C,A,KRAS,p.G10V,0.970055,
12,25380186,T,C,KRAS,p.E91G,0.970024,
12,25398284,C,G,KRAS,p.G12A,0.969916,https://civicdb.org/links/evidence_items/4429
3,178928068,C,T,PIK3CA,p.P449L,0.969992,
17,7578269,G,T,TP53,p.L194I,0.969952,
2,209113194,C,G,IDH1,p.G105R,0.969938,
14,105246532,C,A,AKT1,p.R23L,0.969925,
14,105246457,C,T,AKT1,p.R48H,0.969922,
7,140453187,A,C,BRAF,p.F583C,0.969917,
3,178921553,T,G,PIK3CA,p.N345K,0.965158,https://www.oncokb.org/gene/PIK3CA/N345K
12,25398244,C,G,KRAS,p.Q25H,0.969912,
